Barcode,Label
TTTCACATCGAGCCAC-1,singlet
ACAGAAATCTGCTTAT-1,singlet
GAGTCATGTGGCTGCT-1,singlet
GTTCGCTAGATTGTGA-1,singlet
AACCACAGTTCGGTTA-1,singlet
GAAGAATAGATAGTGT-1,singlet
TCATCATAGGCCCAAA-1,singlet
ATTCTTGTCTTTGCGC-1,singlet
CCTACGTAGACAACTA-1,singlet
TTTCAGTGTTCGTTCC-1,singlet
TCTTCCTTCTTCTTCC-1,singlet
AACCAACCAAATCAAG-1,singlet
TACTTCAAGTTGGAGC-1,singlet
CAGATCAAGTCAGCCC-1,singlet
CACGGGTGTAAGGCCA-1,singlet
AGAAGTAAGTACAGAT-1,singlet
CTGCCATGTAGTCACT-1,singlet
AGTAGTCTCATCACCC-1,singlet
ACGTAGTTCACTCCGT-1,singlet
TCCTCGATCTTACGGA-1,singlet
GCATGATGTCGCTTGG-1,singlet
TCTATACTCACTGATG-1,singlet
ATCCTATTCACCTTAT-1,singlet
CATGCTCCAAACCATC-1,singlet
TACAACGTCACTCACC-1,singlet
TCACGGGTCAGTGGGA-1,singlet
AGACAGGGTGAATTAG-1,singlet
GAGTTTGCACTAGGTT-1,singlet
TGGAGGATCAAACCTG-1,singlet
ACTGCAACATTCTTCA-1,singlet
CAGTTCCTCATTCACT-1,singlet
ACTTAGGCACTCATAG-1,singlet
CCACGAGCATAATCCG-1,singlet
TACCTGCTCCATTTCA-1,singlet
TCACTATTCCCGAGAC-1,singlet
GATCGTAGTTGAAGTA-1,singlet
TTTACTGTCACCTGTC-1,singlet
AGCTACAGTATGGTTC-1,singlet
CCCTTAGCAACCCTAA-1,singlet
TATACCTGTCGTACAT-1,singlet
ATCTTCAAGAAATTCG-1,singlet
TAGGAGGTCATCTCTA-1,singlet
TCCATCGCATCAGCTA-1,singlet
CCCGGAACAACAGTGG-1,singlet
TTTCAGTGTCGCTCGA-1,singlet
TTGGGCGAGCGTGCCT-1,singlet
TCCTTCTCAGCCGGTT-1,singlet
CCACGAGAGTTGTAAG-1,singlet
ATCGTCCGTGCAACGA-1,singlet
CTAGGTAAGTGGCGAT-1,singlet
CTCCCTCTCCACAAGT-1,singlet
AGATAGACATTCACAG-1,singlet
GGTTAACCAAATAGCA-1,singlet
TGCATCCGTTACGTAC-1,singlet
GGGTCTGCACGCTTAA-1,singlet
TCATTCATCACTCTTA-1,singlet
GCATCTCCACATACTG-1,singlet
TACCTCGCACACTGGC-1,singlet
GTCTACCTCACCATCC-1,singlet
CTTCCTTAGGGCAGGA-1,singlet
ACCACAAGTTCTCGCT-1,singlet
TTTACTGAGAAATCCA-1,singlet
CTGCTCATCTGGCCGA-1,singlet
CGAGGAAAGAACAGGA-1,singlet
AACACACGTCGTCTCT-1,singlet
TAGCACAAGAACTTCC-1,singlet
TTGTTCAAGAGAGTGA-1,singlet
AATCACGTCTTGGCTC-1,singlet
AGACAGGGTGATACAA-1,singlet
ACGCACGTCTGGTTGA-1,singlet
TCCCAGTAGCCATTTG-1,singlet
TCCATCGTCAGGAAGC-1,singlet
GCACATAAGTCGCCCA-1,singlet
GGAGCAAGTGCTCCGA-1,singlet
ACGTCCTTCATGCTAG-1,singlet
CAGGGCTCAAGATGGC-1,singlet
ATGCCTCTCCGCAACG-1,singlet
GTCCACTTCTACTGCC-1,singlet
TCAGCCTAGGCCCACT-1,singlet
AAACGCTTCGGATACT-1,singlet
AGACCCGCATCCGGCA-1,singlet
TCAGCCTGTCACTCTC-1,singlet
TTGCCTGGTATCTCGA-1,singlet
CCGCAAGTCATCACCC-1,singlet
CAGTGCGTCATCCTAT-1,singlet
CATCCCAAGAGGATCC-1,singlet
GCATTAGTCATTTGGG-1,singlet
ACTCTCGCACCGTCTT-1,singlet
CTAACCCTCACTCCGT-1,singlet
CCTCAACGTTATTCTC-1,singlet
TCCACGTAGCCTCAAT-1,singlet
TTGCATTCATTCTCCG-1,singlet
CCACGTTAGACCATTC-1,singlet
CATACAGCAAATCCCA-1,singlet
TCCCACATCAACTTTC-1,singlet
CTGTGAAGTAATGCTC-1,singlet
TCATCCGGTAACCCTA-1,singlet
TCCTCGATCCCTTGTG-1,singlet
CCGGTAGCAATCTCGA-1,singlet
TCATGAGCAATCGTCA-1,singlet
ACCAACACAGCTTTCC-1,singlet
TCGCACTTCAGACATC-1,singlet
TGAGCGCGTGCTCCGA-1,singlet
CCACTTGGTTATGTGC-1,singlet
CTTCTCTCACTTGTCC-1,singlet
ATTCTTGCAGATAAAC-1,singlet
TACCTCGTCGTTCTGC-1,singlet
CCACGTTAGCTACTGT-1,singlet
TTCCAATTCAGACAAA-1,singlet
TCGGTCTTCACCGACG-1,singlet
ATACCTTCAGTTAAAG-1,singlet
ACTGCAACACGTGTGC-1,singlet
TAGATCGCACACACTA-1,singlet
TCATTGTCACAGCCTG-1,singlet
GTCTACCTCTTTGCTA-1,singlet
CTCAAGACAACGACAG-1,singlet
ATGGATCCAGTAGGAC-1,singlet
ACTATCTTCCATTTGT-1,singlet
CTCTCAGCAATCCTTT-1,singlet
TGTCAGATCCGATTAG-1,singlet
GGTGGCTGTGAGTTTC-1,singlet
AACTTCTGTCTAACTG-1,singlet
CCTAACCAGGCTCACC-1,singlet
GTCACTCCACACCAGC-1,singlet
GAGTTACTCAGGTGTT-1,singlet
CATCAAGTCATCTACT-1,singlet
AGGCCACGTGATTGGG-1,singlet
GTTCTATAGTATTCCG-1,singlet
CATTGAGGTGTCTCCT-1,singlet
GTTTACTGTCAGTCGC-1,singlet
TGTAACGTCCTACCAC-1,singlet
CTTCAATCACTTTAGG-1,singlet
GGACGTCCACGCGTGT-1,singlet
GTAACCACATCCTTCG-1,singlet
GCCGATGAGCGTACAG-1,singlet
TCATTGTAGGGCTAAC-1,singlet
GACCCTTGTTCGATTG-1,singlet
AAACCCAGTGAACGGT-1,singlet
CACTGTCTCCTATTTG-1,singlet
CATACCCCAGCCTTCT-1,singlet
CTGGTCTTCCTACACC-1,singlet
GGGTATTAGTAGGATT-1,singlet
CTACTATTCAGGGATG-1,singlet
TCTAACTCACAGCGCT-1,singlet
TAAGCACAGGTCCAGA-1,singlet
TACATTCGTCCTCCTA-1,singlet
TTCATGTAGCCATTTG-1,singlet
TATCCTAGTTCAGTAC-1,singlet
TTGTTTGTCTCGAGTA-1,singlet
CTCTCGATCCTGGTCT-1,singlet
GGCACGTAGTTTGCTG-1,singlet
TAGGTTGTCCCGATCT-1,singlet
AACCACAAGACTTCCA-1,singlet
TGATCAGCATGAATAG-1,singlet
GTAATGCTCCCGTAAA-1,singlet
CAACCTCAGGTGGCTA-1,singlet
GTCATTTCAGCTTTCC-1,singlet
CACCGTTCATTCTTCA-1,singlet
CAATACGCATACGCAT-1,singlet
AGTAACCAGGTCCCTG-1,singlet
TCCTAATGTGACACAG-1,singlet
AGTCACAGTCATCCGG-1,singlet
CCTCCAAGTTTCTTAC-1,singlet
ATACTTCTCCGTGTGG-1,singlet
TCTACCGTCACTCTTA-1,singlet
TTTCCTCCATTGTACG-1,singlet
AAGCCATTCGGCGATC-1,singlet
TAGACCACAACTCCAA-1,singlet
TTGGGCGCACGTCTCT-1,singlet
CCACCATGTATAATGG-1,singlet
GTACAACTCTTTCAGT-1,singlet
AAGACAACACTAACGT-1,singlet
AATTCCTAGACTCTTG-1,singlet
GCGTTTCCAAGTACCT-1,singlet
AATGGAATCGCTGACG-1,singlet
GATTCGAAGCTCATAC-1,singlet
CACGTTCAGCCAGACA-1,singlet
GCCATTCGTAGACACG-1,singlet
CACACAATCCGCTTAC-1,singlet
CTTCTCTGTTATCCAG-1,singlet
CTCAACCCAATACGCT-1,singlet
GGTTCTCTCAGACCCG-1,singlet
ACCCTTGAGTTGTCAC-1,singlet
ATACCTTGTTAGAGTA-1,singlet
TGAATCGGTACTCGCG-1,singlet
AGACTCATCTTAATCC-1,singlet
TCATGTTAGCTCATAC-1,singlet
CCAATGAAGCTAAACA-1,singlet
GGTTAACCAACCAACT-1,singlet
TTCATGTAGCATCTTG-1,singlet
CTCATGCTCTGTCTCG-1,singlet
TTTCCTCGTGTCCAAT-1,singlet
CTTACCGTCCGCATAA-1,singlet
TAAGCGTCATAATGCC-1,singlet
GGGTGTCTCACTACTT-1,singlet
GTAGGTTCAAAGAACT-1,singlet
CTGGTCTCACGGCACT-1,singlet
CCACTTGTCTAGTTCT-1,singlet
CACAGATTCAACCTTT-1,singlet
TGAACGTTCAAACCCA-1,singlet
GTCATGACAGACGATG-1,singlet
CTGTAGAGTTTCGACA-1,singlet
TGTGAGTTCCTGTTAT-1,singlet
GGTAATCCAGTTCACA-1,singlet
TGCGATATCCGTGGGT-1,singlet
TTAGGGTCAACTTGCA-1,singlet
ATCCGTCTCCCGAGAC-1,singlet
TGAGGGAAGGTAGCCA-1,singlet
CACCGTTTCGACGACC-1,singlet
GCCAGGTTCCATCTCG-1,singlet
AGTACTGCATCGAACT-1,singlet
ACATCCCAGAAATTCG-1,singlet
CTACCCAAGACATATG-1,singlet
ATTTACCTCATCTGTT-1,singlet
GTGTTAGGTAAGACCG-1,singlet
CCCTCAAGTAGCTTGT-1,singlet
ACGCACGCAAGTTCCA-1,singlet
ACACTGAAGCCTTTCC-1,singlet
AGTACCATCAAACCTG-1,singlet
GGGACAAAGCAATAGT-1,singlet
GATGCTATCCAAGCCG-1,singlet
TCCACGTCAAGATTGA-1,singlet
ATGCATGCACTGTCCT-1,singlet
TCAAGACAGTTGCTCA-1,singlet
GAGTTACCACAACGTT-1,singlet
GTGGTTATCTAACGCA-1,singlet
CTACTATCAGGCGTTC-1,singlet
TCACATTCAATTCGTG-1,singlet
AGTCACACAGAATTCC-1,singlet
TCGTGGGCACACGCCA-1,singlet
GACCGTGCATCAGCTA-1,singlet
ACGTAACGTTCAAGGG-1,singlet
ATGGGTTGTCGATTTG-1,singlet
TACCCACAGCCACTCG-1,singlet
ACTATCTCAACGACTT-1,singlet
ACCAAACCATACATCG-1,singlet
ACGTAACTCAGACAAA-1,singlet
TCTTTGACAGCCCAGT-1,singlet
ACTGTGAAGTGCTACT-1,singlet
AGATGCTCAACGTAAA-1,singlet
ATGTCTTCATACCATG-1,singlet
TTACCGCTCTGACCCT-1,singlet
TACAACGCACTCCGGA-1,singlet
AGAACAAGTCTTGCTC-1,singlet
GACCCAGCACTCCACT-1,singlet
AGGACTTAGTGACACG-1,singlet
CAGTTAGGTACAAACA-1,singlet
CACTAAGAGAATTGCA-1,singlet
ATCACAGAGTCTCCTC-1,singlet
TCATTTGTCGTTAGAC-1,singlet
CACTAAGCACCTTCCA-1,singlet
CTGAGGCCATTCATCT-1,singlet
GCAGGCTCAACACACT-1,singlet
TACAGGTTCTCGCTCA-1,singlet
AACAAGACAAAGGGCT-1,singlet
GGTGGCTTCCATGAGT-1,singlet
TTTGACTTCCTGGCTT-1,singlet
GACTATGCACTTCCTG-1,singlet
ATGGTTGAGCAGGCAT-1,singlet
TCATGTTGTAGCGATG-1,singlet
CACTGGGAGGTTCACT-1,singlet
TGGGAAGCACAACGCC-1,singlet
GTTACAGCAATGACCT-1,singlet
AACCACATCCCTCTTT-1,singlet
GAGCTGCCACAGCCTG-1,singlet
AAAGTCCAGCAACTTC-1,singlet
GATTCGACAAGCACAG-1,singlet
TACCCACTCGGCATCG-1,singlet
CAGAGCCAGCACCGTC-1,singlet
CCTAACCTCGAACACT-1,singlet
ATTCCATTCACCGGGT-1,singlet
GTCTACCAGCGATTCT-1,singlet
AGACAAAGTTTGAAAG-1,singlet
GATTCTTCACCCTGAG-1,singlet
GTTAGACTCCAATCTT-1,singlet
GCTACAATCTTTGCAT-1,singlet
CGGGACTTCTGTCAGA-1,singlet
CTACATTTCCAACACA-1,singlet
GAACTGTGTCAAGGCA-1,singlet
CACGAATGTTCCGCGA-1,singlet
ATTACCTTCACTGGTA-1,singlet
TACATTCCACTGAATC-1,singlet
AGGTTGTTCCCGTTGT-1,singlet
TGTACAGAGAGGTTAT-1,singlet
CAGGTATCAGCACAAG-1,singlet
TGAGGGATCGGTCGAC-1,singlet
CCTCAACTCTTGTGCC-1,singlet
TTGACCCTCGCAGTGC-1,singlet
CATCGGGAGCTGGTGA-1,singlet
TCCTCTTAGAGATTCA-1,singlet
TCAAGACTCCGCACTT-1,singlet
TGAATCGCAACCAACT-1,singlet
CTAACCCGTCATCACA-1,singlet
CCAAGCGGTAACTAAG-1,singlet
TGTTTGTTCGCGTCGA-1,singlet
ACTTAGGTCCTCGATC-1,singlet
TCACGCTCAGCCTATA-1,singlet
AAACCCAGTCGGCCTA-1,singlet
TCACACCTCGACACTA-1,singlet
CCTCCAAGTTACCTTT-1,singlet
GATTCTTTCAACCTCC-1,singlet
CTCATTATCGCTGTCT-1,singlet
GTCAGCGCATTGCTTT-1,singlet
TCACGGGAGGCCTAGA-1,singlet
GTCACTCTCACGGAGA-1,singlet
CTGTGAACAAGCGAAC-1,singlet
GCACGGTAGCACCCAC-1,singlet
ACTACGAGTAGGAGTC-1,singlet
TCCCAGTCACCTATCC-1,singlet
ACTTTGTTCTCTCTTC-1,singlet
CTATCCGCATGACAAA-1,singlet
TTTAGTCTCGGTATGT-1,singlet
CTCCTTTTCCAATCCC-1,singlet
ACAAGCTAGCATCTTG-1,singlet
GCAGTTAGTACAATAG-1,singlet
TCTCTGGCAAACCACT-1,singlet
TAAGCCACAGTTGTTG-1,singlet
GCAACATTCCGTATAG-1,singlet
GCCATTCAGTCATCCA-1,singlet
GACCTTCAGCTGTCCG-1,singlet
TGCAGTAAGGGCAACT-1,singlet
TCATACTTCTATCGTT-1,singlet
CCGATCTCAGAAATCA-1,singlet
CTGCAGGTCGTAGGAG-1,singlet
TGGGCGTAGACTGAGC-1,singlet
CGAGGAACACTCCACT-1,singlet
GATAGAAAGGATCATA-1,singlet
CAACGATAGTTCCGTA-1,singlet
CGGACACAGACTTCAC-1,singlet
GATTTCTAGGTGCCAA-1,singlet
CTCCTTTGTTAAGCAA-1,singlet
CCTAAGAAGCCTTGAT-1,singlet
CTTTCAACAACACTAC-1,singlet
ATTCCTACAGTCGCTG-1,singlet
TTTGGTTTCGTTCGCT-1,singlet
TTCATTGGTTAGCGGA-1,singlet
CCATAAGTCGAGTCTA-1,singlet
TCAGCAACAACACGTT-1,singlet
CCACAAAAGAAGTCCG-1,singlet
TCACACCGTAGGTTTC-1,singlet
TGGTGATGTACTGCCG-1,singlet
GGGTTTAAGGAGAATG-1,singlet
TATCTGTAGGCCTAGA-1,singlet
CTGAATGTCACCGGTG-1,singlet
TTACCATAGTGGCCTC-1,singlet
ACCACAATCACGACTA-1,singlet
GACATCAAGGGTTTCT-1,singlet
TTTGGAGTCACGAACT-1,singlet
TCAAGTGAGGTAGTAT-1,singlet
TCCGATCGTGGCGTAA-1,singlet
CACGGGTCAACCGACC-1,singlet
GTAAGTCGTGACAGCA-1,singlet
ATTTCTGAGAATCGAT-1,singlet
CGATGGCGTGCATGAG-1,singlet
AGATAGATCTGTCTCG-1,singlet
CTAACTTTCTAAACGC-1,singlet
ATGGGAGAGACTTCCA-1,singlet
GCAGCTGCAGCAGGAT-1,singlet
CACCAAACATGCCATA-1,singlet
TACCTCGCATGTGTCA-1,singlet
ACACTGACAATCCTAG-1,singlet
GAATCACTCCTGTTAT-1,singlet
AATCGACTCTTTCCGG-1,singlet
TAATTCCAGTGTTGTC-1,singlet
CAGCAATGTTGTAGCT-1,singlet
ATGGGTTTCATGCGGC-1,singlet
ATGAAAGTCAAACCTG-1,singlet
GTCTTTATCGTCCATC-1,singlet
CTCTCGAGTCACTTAG-1,singlet
ACCACAAAGCCTCAAT-1,singlet
TCAGTTTAGGCACGAT-1,singlet
GACATCACAGCAGGAT-1,singlet
AGGCTGCTCACTCCGT-1,singlet
AGAGAATAGAAAGCGA-1,singlet
TGATTCTGTTCTCGTC-1,singlet
AGTTAGCTCACATTGG-1,singlet
TGTTTGTTCCTAGCGG-1,singlet
CTGCGAGAGATTCGAA-1,singlet
TTGTTCAAGTGAACAT-1,singlet
CTCAAGAAGGGTATAT-1,singlet
TGCTTGCTCCATTGTT-1,singlet
ATTATCCCACGGCGTT-1,singlet
TTACAGGCACTGAGTT-1,singlet
CATCCCAGTACAGCGA-1,singlet
CAGATCATCCTGGGTG-1,singlet
GCAGGCTGTCCCTGAG-1,singlet
TCATGCCAGCTGTTCA-1,singlet
ATGTCTTAGCGAGTCA-1,singlet
CTGCCATGTGTTTACG-1,singlet
CCATAAGGTTATGACC-1,singlet
AGTCTCCCAAAGGGTC-1,singlet
TGGTAGTGTTGTCTAG-1,singlet
CATTTCAGTGGGCTCT-1,singlet
TGAATCGAGAATAACC-1,singlet
CTCAAGAAGCACTAGG-1,singlet
TGGTGATTCTTGAGCA-1,singlet
GATTTCTAGGGTCTTT-1,singlet
TCCAGAATCTCGGTCT-1,singlet
GTTTACTGTGCTAGCC-1,singlet
TTCTTCCCAGACACAG-1,singlet
TTTATGCAGAAACACT-1,singlet
GCATCTCTCCACTGAA-1,singlet
GGGTATTCACATGTTG-1,singlet
TCATTCAGTCACTAGT-1,singlet
ACCCTTGCAGAACGCA-1,singlet
CCTGTTGCAGCACCCA-1,singlet
GTTACCCAGTAGTCAA-1,singlet
AACGAAAGTTTAGACC-1,singlet
CATTCATAGTAGGTTA-1,singlet
GGGTCACTCGCTCCTA-1,singlet
AGCGCTGTCGCTCCTA-1,singlet
TATATCCGTTTCCATT-1,singlet
CTCCAACAGTGGCGAT-1,singlet
TGAGTCACAATTGGTC-1,singlet
CATGGTACATCCGTTC-1,singlet
CCTCCTCCAACGGTAG-1,singlet
CCACGAGGTGACTATC-1,singlet
ACTTTCATCCGCAACG-1,singlet
ATCACTTAGTCAGCCC-1,singlet
ACGGGTCAGGCCACCT-1,singlet
CTCTCGAGTTAGGCTT-1,singlet
TCAAGCATCCTTCAGC-1,singlet
GAAGTAAAGTACTGGG-1,singlet
AGTAGCTGTCAAGGCA-1,singlet
CGACAGCTCAATCCGA-1,singlet
CATTCTATCGTCCTTG-1,singlet
AGCCAGCAGTTGCTGT-1,singlet
ATTTCACAGCCAGAGT-1,singlet
CCTATCGTCAAGTGGG-1,singlet
ACCAAACAGACTTAAG-1,singlet
GACCCTTTCTAGGCAT-1,singlet
AACTTCTTCAAAGGAT-1,singlet
TCTGCCAGTGTTAAAG-1,singlet
GCGTGCAAGGATACGC-1,singlet
CTTCTAATCGACCCAG-1,singlet
AGACAGGAGAATTCAG-1,singlet
TTGTGTTCATCACCAA-1,singlet
AAGACTCTCAACCTTT-1,singlet
TTTAGTCTCTCCGATC-1,singlet
ACATCGATCCTCTCGA-1,singlet
GCAGGCTCAGTCTACA-1,singlet
GAGTGTTCACTGCTTC-1,singlet
CATACCCTCCTCTCGA-1,singlet
TTACTGTGTCTTGAGT-1,singlet
CATCGTCCACTAGGTT-1,singlet
TGATGGTCAAACTGCT-1,singlet
CGCATAATCGCGTGAC-1,singlet
TGCCGAGTCCTTACCG-1,singlet
TTGAACGAGGCTAAAT-1,singlet
AGCATCACAAATGCTC-1,singlet
CTCGAGGAGGCAGGTT-1,singlet
ACTATCTGTTTGAACC-1,singlet
CAGCACGGTCTTACAG-1,singlet
CCAATTTCACCACATA-1,singlet
TGCACGGGTGGTCTGC-1,singlet
TTTAGTCCAAAGTGTA-1,singlet
AATTTCCAGAATAACC-1,singlet
GATTTCTTCGGCCTTT-1,singlet
CCCTCTCAGGTGCAGT-1,singlet
CATGCCTGTGTCCCTT-1,singlet
TGAGTCAAGGGAACAA-1,singlet
CACAACACATAGACTC-1,singlet
GAGTTTGAGCACTGGA-1,singlet
GAGTTTGCATAACTCG-1,singlet
AACACACCAACCCTCT-1,singlet
TGCTCCAGTGTGATGG-1,singlet
GCTCAAAAGGCCACCT-1,singlet
GCCAGCAAGTCTAACC-1,singlet
CCCTTAGCAGCGGTCT-1,singlet
AGTCTCCGTCGCATGC-1,singlet
AGGCATTTCCTCCACA-1,singlet
CCCTCAAAGCATTTGC-1,singlet
AACCATGTCACCTCTG-1,singlet
CTGCCATCATGCACTA-1,singlet
AATGAAGGTTGTTGTG-1,singlet
ATAGACCGTGGTTCTA-1,singlet
GGTAACTAGATTAGAC-1,singlet
AGGTCTAAGCACTCAT-1,singlet
TCGACCTGTAAGGTCG-1,singlet
GTTATGGAGCGTGCTC-1,singlet
CTCAATTAGATGCTGG-1,singlet
CCTATCGGTTACGTAC-1,singlet
TACTTCACATGTGGTT-1,singlet
ATTATCCTCATCTCTA-1,singlet
CTCCATGAGGTACAGC-1,singlet
TATGTTCGTTCTATCT-1,singlet
TCATACTCAGATCACT-1,singlet
ACTTAGGCATGACACT-1,singlet
ATTCCCGCACAGCATT-1,singlet
ACGTACAGTTCTCCTG-1,singlet
CTCCAACCAGCGATTT-1,singlet
GCAGCTGTCCCAGCGA-1,singlet
CATCAAGGTTGGGAAC-1,singlet
GTGAGGAAGGTACCTT-1,singlet
CATGCAATCATTGCGA-1,singlet
ATTCATCGTTCTCAGA-1,singlet
GAGTTACTCGGTAGAG-1,singlet
GTTAGACTCGAGTCCG-1,singlet
CAACAGTAGAAGAGCA-1,singlet
CTCACTGAGCTGCCTG-1,singlet
GGGTATTAGCTGGCCT-1,singlet
TCCGAAAAGACGCCAA-1,singlet
AACCCAATCCCTTTGG-1,singlet
TCATCATAGCCTGTGC-1,singlet
TAACCAGCATCATTGG-1,singlet
GTGTGGCGTAGTAAGT-1,singlet
GTGTTCCTCAGCAGAG-1,singlet
TACGTCCAGACATACA-1,singlet
CACGGGTGTGAGCGAT-1,singlet
AGGATAACAATACGAA-1,singlet
TGCGATACACCGGTCA-1,singlet
CTCTGGTTCCTGTAGA-1,singlet
TGGTTAGGTTATGACC-1,singlet
GTCATTTTCTCATGGA-1,singlet
TGTTCTAGTGAACGGT-1,singlet
CACGAATGTCACTCTC-1,singlet
GACTCTCAGTGCACCC-1,singlet
CTACAGACAACAGAGC-1,singlet
AGCGCCAGTGACGTCC-1,singlet
CATGCAATCTCATTAC-1,singlet
GGCGTCATCTAGATCG-1,singlet
TGAGCGCCATTGCAAC-1,singlet
ACAAAGAGTTACACAC-1,singlet
CTCCAACGTGTATACC-1,singlet
CACCGTTGTCTCTCAC-1,singlet
TCACAAGAGGGACCAT-1,singlet
CAATTTCCACCGTGAC-1,singlet
TTCTTGACAGCTATAC-1,singlet
GCTGAATCAGGGCTTC-1,singlet
AATTCCTGTAAGATAC-1,singlet
TACTGCCTCATGTCAG-1,singlet
TTGGGCGGTGCGTGCT-1,singlet
CTCTCAGGTAGTCGTT-1,singlet
CTATCTACACGCACCA-1,singlet
TCGGGCATCGCGCCAA-1,singlet
GTTCCGTTCACCATAG-1,singlet
GTGAGTTCATAATGCC-1,singlet
TTCAATCAGCTAATGA-1,singlet
TAACACGCATTATGCG-1,singlet
TTCCTCTTCTCATGCC-1,singlet
GGTGTTAGTCATGACT-1,singlet
TCAGCCTGTCAACCAT-1,singlet
ATCCCTGTCCTGTAAG-1,singlet
TATTGGGCACTGGACC-1,singlet
TACGCTCCATCGAACT-1,singlet
TTTGGAGTCCCGTTGT-1,singlet
ATGGGTTTCCTGCCAT-1,singlet
GTCTAGAGTCTTGTCC-1,singlet
GTGCACGAGGTAAGTT-1,singlet
ATCTCTATCCAAGCTA-1,singlet
GTGAGCCAGACCAGAC-1,singlet
TCTCTGGGTTACGCCG-1,singlet
TTGCGTCCATGACTCA-1,singlet
AACAACCAGGAACGTC-1,singlet
TACAACGTCCTACGAA-1,singlet
CAGCGTGTCGGATTAC-1,singlet
CATACAGGTGTTCCTC-1,singlet
CTGCCTATCGTTCTAT-1,singlet
TCATCCGTCTCTGCCA-1,singlet
GACTCTCTCAAAGACA-1,singlet
TAACCAGGTGAGTTGG-1,singlet
CTCATTAGTCCGAAGA-1,singlet
GGGCTACGTGTTGATC-1,singlet
CAAGAGGTCTGTGCGG-1,singlet
CATTCTAAGTTAACGA-1,singlet
ATTCCTATCGCATAGT-1,singlet
TTTGGTTCAGCTTTCC-1,singlet
GTCACGGAGGTACATA-1,singlet
AAGACTCCATTGTACG-1,singlet
GAACGTTGTTCTCCCA-1,singlet
GGGTGTCAGGTGAGAA-1,singlet
CATTCATCATGGCGCT-1,singlet
AGCCACGAGACTACCT-1,singlet
ATTCTACTCCTTATGT-1,singlet
GATAGCTTCCACTAGA-1,singlet
GTCAAACCAATAACCC-1,singlet
CTGCAGGCAACACGAG-1,singlet
TTGTTGTCACCTGCGA-1,singlet
TTGACCCTCTGTTGGA-1,singlet
TCTTAGTTCGTCAAAC-1,singlet
ACTGCAATCAATCAGC-1,singlet
AGAACAACATTCAGCA-1,singlet
AGAGAGCGTGAATGTA-1,singlet
CTCTGGTTCTGTCCGT-1,singlet
TGGGAAGTCTAGAACC-1,singlet
ATTCCCGAGTAAAGCT-1,singlet
GAGAGGTTCCTCACTG-1,singlet
GGATCTAAGTCACTCA-1,singlet
TGACTCCGTCTGCATA-1,singlet
GCTTGGGGTACCCGCA-1,singlet
TGTTCCGAGGCCGCTT-1,singlet
CTCCTCCTCTCGTGAA-1,singlet
ACACCAACAAATGGAT-1,singlet
GTGTTCCAGTCTGCGC-1,singlet
GAAGCCCAGTGTACCT-1,singlet
GTGCACGCAGAGGACT-1,singlet
GGATCTATCATCACAG-1,singlet
TTAGTCTTCTTGAGCA-1,singlet
TTTGACTAGACGACTG-1,singlet
TGACCCTTCGTAACCA-1,singlet
CCTCCAACATTACGGT-1,singlet
CCCGAAGTCGGCTATA-1,singlet
TCGAACATCCACGTCT-1,singlet
TTCGGTCTCGATGCTA-1,singlet
TAATCTCGTCTTCCGT-1,singlet
GGAATGGTCCTGATAG-1,singlet
TATCTGTTCATGGAGG-1,singlet
GTGCGTGTCGCATGAT-1,singlet
TAACTTCAGTAAGACT-1,singlet
GAGTGTTCAGCAGTAG-1,singlet
GTAACCACACACCTTC-1,singlet
TCCCACAAGCGCAATG-1,singlet
GTCTTTACACCTTCGT-1,singlet
ACATTTCAGGATATGT-1,singlet
GTGATGTCAATTCTCT-1,singlet
GAGCTGCAGCCTCAAT-1,singlet
CCGGTGATCCCAGGAC-1,singlet
GAGCCTGAGGAACTCG-1,singlet
CGCAGGTCACAGTATC-1,singlet
TCCTTTCGTCTCACGG-1,singlet
TCTATACCACAATGCT-1,singlet
ATGCATGTCTCCAATT-1,singlet
TCGCACTGTTTACTGG-1,singlet
CACACAAGTGACTATC-1,singlet
ATGATCGGTGGCAGAT-1,singlet
CTGGACGTCAGAGCGA-1,singlet
TCCCATGAGTAGGTTA-1,singlet
CTACAGATCCGAGATT-1,singlet
TTAGTCTTCGGTCAGC-1,singlet
TCCCAGTGTATTTCCT-1,singlet
TGATGCAGTGTAAATG-1,singlet
GAGCCTGGTCTGCGCA-1,singlet
TTCTAGTGTTACGATC-1,singlet
CTGTGAATCCGCGAGT-1,singlet
GCAGGCTTCCCGATCT-1,singlet
AGGGCCTAGAAGTCCG-1,singlet
TTACGTTGTATGAGAT-1,singlet
GTAAGTCCAAGTTCCA-1,singlet
TGGGCTGCATCCTCAC-1,singlet
TTGCCTGAGTACGAGC-1,singlet
TTTCATGCACGACGCT-1,singlet
CAAGCTAGTATGCAAA-1,singlet
ATTCTTGAGTAGTCTC-1,singlet
GGTGTTATCTGCCTGT-1,singlet
GTGAGTTAGTTCCATG-1,singlet
GTGCACGGTCCTGTCT-1,singlet
TGGTAGTTCCGGACTG-1,singlet
TCATACTCACGCTGAC-1,singlet
TGCTTGCTCCACTAGA-1,singlet
TTTAGTCTCCTGTAGA-1,singlet
CATAAGCCATTGAAAG-1,singlet
CCTCAGTGTATGGTTC-1,singlet
TATCAGGAGACTCTAC-1,singlet
TTCTCTCGTTAGGGTG-1,singlet
ACCTGTCGTGACTCGC-1,singlet
TCCTCCCTCATTGTTC-1,singlet
GAGTCATAGCCTCACG-1,singlet
ATTCCTAAGTCTCCTC-1,singlet
TCGACGGAGTAAAGCT-1,singlet
AGGTTGTGTATGAGGC-1,singlet
CGCAGGTCATAATGCC-1,singlet
TACGGGCTCTACACAG-1,singlet
TGAGCGCGTGCCCTTT-1,singlet
ATTCTACAGTATGACA-1,singlet
CACGGGTTCCGTATGA-1,singlet
CTCATTACATCCAATG-1,singlet
CGTTGGGGTACAAACA-1,singlet
GGTGATTTCTGGTGCG-1,singlet
CCTTCAGCAGTCGGTC-1,singlet
CTGCTCAGTACCCGCA-1,singlet
GTCAAACAGTGGTTCT-1,singlet
ACCCTTGGTCGATTTG-1,singlet
GTTAGACCACACCGCA-1,singlet
TAGGAGGCAGTGACCC-1,singlet
GCATCTCTCTGCATGA-1,singlet
TTGCATTTCTGGCCGA-1,singlet
TATGTTCAGAATCGAT-1,singlet
GCCTGTTCAAATGGAT-1,singlet
CCAAGCGCAGTCAGTT-1,singlet
TCACAAGTCCGTAATG-1,singlet
CTGATCCGTGGTCTGC-1,singlet
TCTCACGCAGCACAAG-1,singlet
AGCATCATCCACTAGA-1,singlet
GAACACTAGGCTGTAG-1,singlet
ACTGTCCAGTTTGGCT-1,singlet
AAGCCATTCCGTGCGA-1,singlet
GGCACGTTCGTGGGTC-1,singlet
CTACATTAGTATTGCC-1,singlet
GTAGGTTTCGGTCTGG-1,singlet
TCCATCGCAATCGCGC-1,singlet
CCACCATTCACTGCTC-1,singlet
CCGATCTGTAGCGCCT-1,singlet
AGGAGGTAGATGCTTC-1,singlet
CACTGTCCAACTACGT-1,singlet
GATGACTTCCGTTTCG-1,singlet
CTTCTAATCGAGTACT-1,singlet
ACCAAACGTGTAACGG-1,singlet
TATCTGTGTCTGCAAT-1,singlet
CGTAGTATCGGAGATG-1,singlet
TTCTGTATCCGCCTAT-1,singlet
TCCGGGAGTTGACGGA-1,singlet
CCGAACGGTGACCGTC-1,singlet
AATGGAAGTTCTCTCG-1,singlet
TGCTTCGTCAAACTGC-1,singlet
TCGTGCTCATCGATAC-1,singlet
TCCATCGTCACATTGG-1,singlet
GTAGGAGCAGCGTTGC-1,singlet
GAACGTTCACTCATAG-1,singlet
TTCCGTGAGGGAGGGT-1,singlet
TTGACCCTCCGTTTCG-1,singlet
ATTCTACAGTCTGTAC-1,singlet
GCTTCACAGTGGACTG-1,singlet
CACATGAGTTCCAAAC-1,singlet
TTAGGCAAGACGGAAA-1,singlet
ATTCTACTCCGGCTTT-1,singlet
CTGGACGAGTGTAGTA-1,singlet
AGTACCAGTGCGTCGT-1,singlet
TGGTAGTTCCCAACTC-1,singlet
TGTTCCGGTGACTGAG-1,singlet
TAAGCCAAGACTTCGT-1,singlet
GACCCAGAGGGCCTCT-1,singlet
CATACTTTCGGCCTTT-1,singlet
CGGGACTAGAGTGAAG-1,singlet
GGGTTATGTGTCCAAT-1,singlet
TAACGACGTGACCTGC-1,singlet
GTCAGCGTCTTTCAGT-1,singlet
TCCCATGGTCTCACGG-1,singlet
CATCGCTTCTGACGCG-1,singlet
TCCTTCTGTATCCCTC-1,singlet
GTATTTCGTTATAGAG-1,singlet
GGGTAGATCGAGAACG-1,singlet
GTAGGTTGTATAGGGC-1,singlet
CAGCCAGGTTGTCATG-1,singlet
AACGAAACATGAGGGT-1,singlet
CGGGCATCATCGCCTT-1,singlet
GGTAATCTCGTCTAAG-1,singlet
CTCCTTTCAAGGCCTC-1,singlet
TCACTCGGTCCGGATC-1,singlet
CTCTCAGCATCCGGCA-1,singlet
CCACGTTGTGAGTGAC-1,singlet
GTTTACTCAACTGCTA-1,singlet
AACCAACTCAGCAATC-1,singlet
TAGAGTCTCATGGATC-1,singlet
CGTTGGGCACCAACAT-1,singlet
ATTGTTCGTCGCGTTG-1,singlet
TTCACGCCAAACCACT-1,singlet
GCAGCTGGTAGTCGTT-1,singlet
CGGTCAGAGCACTCGC-1,singlet
TCAATTCAGTTCCGTA-1,singlet
GTCACTCAGGTCCAGA-1,singlet
TGTTGAGGTATGAAAC-1,singlet
GTATTTCCAGTCACGC-1,singlet
TGAATCGGTTCAAGGG-1,singlet
TCTTGCGGTTCATCTT-1,singlet
GCCCAGAAGGTTCTTG-1,singlet
TAAGCGTGTACCTGTA-1,singlet
GTAATCGCACGTCTCT-1,singlet
ATGACCAAGAAGTATC-1,singlet
TGCTCCACAGGGATAC-1,singlet
TTCTTCCAGTCTGCGC-1,singlet
GAAGAATGTGATCATC-1,singlet
TGCTTCGTCAAATAGG-1,singlet
CGCCAGATCCACACAA-1,singlet
ACCCTCAGTACTTCCC-1,singlet
TCGATTTCACAGGATG-1,singlet
TGGGTTATCCATCTAT-1,singlet
AACCATGCAACTGTGT-1,singlet
TAGCACACAGACTCTA-1,singlet
TAACTTCGTAGCACGA-1,singlet
CATTCTACAGCACCCA-1,singlet
GTTCTATGTCCACATA-1,singlet
TTTCGATAGGATTTCC-1,singlet
GAACTGTAGGAGGCAG-1,singlet
TACTTACCAAAGGCAC-1,singlet
TCCTCGACATCTTCGC-1,singlet
TTGCCTGAGCACAAAT-1,singlet
GTCAAACTCCCAGCGA-1,singlet
ATTCATCTCCGAGAAG-1,singlet
CCGATCTCAATTGCGT-1,singlet
GAAGGGTGTATCTCTT-1,singlet
ATTCCCGAGTGGAAAG-1,singlet
TTTGTTGTCCGCCTAT-1,singlet
ATTGGGTCACGGATCC-1,singlet
CCACCATCAGCTTTCC-1,singlet
ACCACAACAAGGTCAG-1,singlet
ATACCTTCAAGCACCC-1,singlet
TTTGGTTTCCACAGGC-1,singlet
AACGAAAAGCATATGA-1,singlet
ACTTTGTAGACTGAGC-1,singlet
TCGCACTGTGAAAGTT-1,singlet
CGGGCATGTACAAGTA-1,singlet
GGAGATGGTCATGCAT-1,singlet
TCATGGAGTAGAAACT-1,singlet
GTGAGTTTCAGCTGAT-1,singlet
TCATTGTAGTGATGGC-1,singlet
GCTTTCGCACCTCGTT-1,singlet
CAGCGTGTCTCTCGCA-1,singlet
CTCAATTCACTCCTGT-1,singlet
TGGGAAGAGCTGGTGA-1,singlet
GAAACCTCATGGGTTT-1,singlet
CACGTTCGTCAGTCTA-1,singlet
GAAGTAATCGTTTACT-1,singlet
GTTGCTCAGTCCCAGC-1,singlet
TCATCATGTAGAGACC-1,singlet
TGCGGGTTCACGATCA-1,singlet
GGAACCCGTGCTGCAC-1,singlet
AGGATAAAGACTAAGT-1,singlet
TCATACTCAGAGATTA-1,singlet
TCTGTCGCAAACTAAG-1,singlet
CTCAGTCAGTTGCATC-1,singlet
TAGAGTCCACAAGTGG-1,singlet
CGTGAATCACTTTATC-1,singlet
CCGTGAGTCCTTGAAG-1,singlet
TCCATCGCACTCGATA-1,singlet
GTCTAGATCATTCTTG-1,singlet
CCGATGGTCGTAGTGT-1,singlet
GAGACCCCAATCCAGT-1,singlet
ATACTTCAGATGCTTC-1,singlet
TAACGACTCCGATGTA-1,singlet
TAAGCGTAGGCATGCA-1,singlet
TCGGTCTAGTCGTCTA-1,singlet
TTTGATCCATAAGCGG-1,singlet
GCCAACGTCGTAGGAG-1,singlet
TGTTCATTCAAAGACA-1,singlet
CTCCATGGTCAGACTT-1,singlet
TTGGGATCACCAGTTA-1,singlet
GGAGAACAGCAAATGT-1,singlet
CGAGTGCCAGGGTTGA-1,singlet
AAGCGAGGTCGTATTG-1,singlet
ATGGGAGGTAAGCTCT-1,singlet
TGTTTGTAGACGCATG-1,singlet
GGTAACTGTTGTGGAG-1,singlet
TTAATCCTCCTGTACC-1,singlet
CATCCACAGAGAGCCT-1,singlet
TTAGGGTTCGGTCGAC-1,singlet
TCTCTGGGTTGGTACT-1,singlet
ATTCACTTCCGACATA-1,singlet
CATTCTACAATTTCTC-1,singlet
AAGCATCGTCCAGGTC-1,singlet
GACGCTGCACTAGGTT-1,singlet
CTGGTCTCAGGTGAGT-1,singlet
CGTGTCTTCGCAACAT-1,singlet
ATGCCTCTCTGACGCG-1,singlet
ACCAAACCACATATCG-1,singlet
TCTGCCACAGAAGCTG-1,singlet
TCTCAGCCATTGGCAT-1,singlet
ATCCTATGTTCAATCG-1,singlet
GCGGATCCAGATCCTA-1,singlet
TAATCTCGTAGACTGG-1,singlet
CAGCACGTCTCGGGAC-1,singlet
CACAGGCCACGATTCA-1,singlet
CTTGATTGTGCCTAAT-1,singlet
AGGCATTTCGTCCTTG-1,singlet
TTAGGCATCCACTTTA-1,singlet
GAGGGTATCGAATGCT-1,singlet
TCTACATGTTAGTCGT-1,singlet
AAGCGAGGTTCCGTTC-1,singlet
TCCTCGATCGGAGTGA-1,singlet
CATACTTAGTACAGCG-1,singlet
CAGATACAGATGCTGG-1,singlet
CAACCAATCTCGTGAA-1,singlet
CATCCACGTGCATCTA-1,singlet
ACCAAACCACAGGATG-1,singlet
AGGCTGCTCTAAGCCA-1,singlet
AGGATCTGTAACATGA-1,singlet
CCAAGCGCAGTTGGTT-1,singlet
GGATCTATCGATGCAT-1,singlet
AGTTAGCCAAAGGATT-1,singlet
TCACGCTGTGAGATTA-1,singlet
AAAGGATTCAGTGTCA-1,singlet
ATGATCGGTCGTACAT-1,singlet
GGTTCTCCACGACAAG-1,singlet
AGGAGGTCAGCTACTA-1,singlet
GTGCACGTCAGGACGA-1,singlet
GTACAACTCGCTAAAC-1,singlet
CATAGACAGGTGCCTC-1,singlet
CCACAAAGTGCCCACA-1,singlet
AGAAATGAGAGCATAT-1,singlet
ATAGAGATCCTACGGG-1,singlet
CAACCAACACATACTG-1,singlet
GTCAAACAGACCACGA-1,singlet
CTAAGTGCAATTCACG-1,singlet
CAAGCTAGTGCGTGCT-1,singlet
ATTACTCTCAGGCGAA-1,singlet
ATCACAGTCCGTAATG-1,singlet
GCACGTGAGTTAACAG-1,singlet
CAAGCTATCTTACCGC-1,singlet
CCTCATGCACTTGAAC-1,singlet
ATCACTTCATATCTGG-1,singlet
CTCCTTTAGAAACCCG-1,singlet
GTTGTAGAGGATCATA-1,singlet
CCTAACCGTCGACGCT-1,singlet
TCCCACAGTTGCGTAT-1,singlet
CTTAGGATCACAGAGG-1,singlet
TAAGCGTCAGTGTACT-1,singlet
TTGAGTGGTGTTGCCG-1,singlet
ACATGCAAGACGTCGA-1,singlet
GACATCAAGTATGAGT-1,singlet
TCCACGTTCTCAGTCC-1,singlet
TACTTCATCTTACCAT-1,singlet
CTTCGGTCATCAACCA-1,singlet
ACTTCGCAGCGGTAAC-1,singlet
TCTCCGAGTTAGGACG-1,singlet
AACTTCTTCACTCCGT-1,singlet
TTCTTCCCATCAACCA-1,singlet
CCTAAGATCCTACTGC-1,singlet
AACGAAAGTAGAGATT-1,singlet
AACCACAAGCCGTAAG-1,singlet
TCCTTTCGTTAGCGGA-1,singlet
TGAGGGAGTCTCAAGT-1,singlet
ATTCAGGCATAGGTTC-1,singlet
GTTTACTAGGGCGAAG-1,singlet
CACTAAGTCCTATTGT-1,singlet
ACCCTTGTCGGACTGC-1,singlet
GAGCTGCAGGTGCCTC-1,singlet
TCCACGTGTAGTATAG-1,singlet
TTTATGCTCCACAGGC-1,singlet
ATTGGGTTCAACACGT-1,singlet
GTTTACTCATCATCCC-1,singlet
GGCTTGGTCGCACTCT-1,singlet
CTCTCAGTCGCAACAT-1,singlet
CTACCTGTCTCCCAAC-1,singlet
TTGCTGCTCTTGATTC-1,singlet
CAGATACTCCGCAAAT-1,singlet
TCGAACACAGATCACT-1,singlet
AGTTAGCCACTGTTCC-1,singlet
CATGCCTCACAATGCT-1,singlet
TTCAATCGTACGAGCA-1,singlet
TGTTCATCACCGTCGA-1,singlet
AACACACTCCGGACTG-1,singlet
TCATGGACACTGTGTA-1,singlet
TGCTGAATCTCTCAAT-1,singlet
CAGCGTGTCGAGGCAA-1,singlet
GTGAGGAGTGTTCGTA-1,singlet
TCTATACAGAGCACTG-1,singlet
AGAACCTCACCAGACC-1,singlet
GCAACCGGTCCTTAAG-1,singlet
TCATGGAAGAATAGTC-1,singlet
TGGGCTGTCCACCTCA-1,singlet
TACCGGGCATAATCCG-1,singlet
CTACTATAGAGCCGTA-1,singlet
TTACGCCGTAGACTGG-1,singlet
GTGCACGCAGCGCTTG-1,singlet
ATTCCTAAGGACTAAT-1,singlet
ATTCCTAGTGCCTTTC-1,singlet
GGTAACTGTCCTCATC-1,singlet
CCTCAACCACAAATGA-1,singlet
ACACAGTGTGATGGCA-1,singlet
CCCGAAGGTTAGGGAC-1,singlet
TTGTGGAAGGCACTAG-1,singlet
GTACAACTCCCGATCT-1,singlet
CTCAATTGTCGTGGTC-1,singlet
CATCCGTGTTCTAACG-1,singlet
TGCCGAGAGGCAGTCA-1,singlet
GTCAAGTCACAGTCGC-1,singlet
GTCACGGTCCAAATGC-1,singlet
GTGCACGAGACTTCGT-1,singlet
GCCATTCTCTGTCCCA-1,singlet
CCTCAGTAGGTACCTT-1,singlet
GTCTCACGTACTAAGA-1,singlet
TCATCATGTGTTGCCG-1,singlet
TCCACGTGTCATCGGC-1,singlet
ACAAGCTGTTCCCAAA-1,singlet
TGTGGCGGTCGATTTG-1,singlet
TGGATCATCTGGTCAA-1,singlet
AGGCTGCTCATTCATC-1,singlet
TAGGGTTAGGTCGACA-1,singlet
CCGTGAGTCACATTGG-1,singlet
GAGACCCGTTTACGAC-1,singlet
CAGCACGAGTGTTGAA-1,singlet
CTTCTCTAGGATGTTA-1,singlet
TTCGATTAGCTCACTA-1,singlet
GAAGAATAGATGGCGT-1,singlet
GTTCTATCATGGCACC-1,singlet
CAGATTGTCCCATTCG-1,singlet
CAGTTCCCAAAGGCTG-1,singlet
TGATGGTTCTTTCCGG-1,singlet
AACCCAACATTGCTGA-1,singlet
AGACACTCATGCAGCC-1,singlet
TCCGGGAGTTTGTTCT-1,singlet
TCCTAATGTGGACCAA-1,singlet
AGGTCTATCGACCATA-1,singlet
GGTTGTACACTCGATA-1,singlet
TCACTATTCGCCTATC-1,singlet
GGTAGAGTCAGTCTTT-1,singlet
TCCCATGAGCCTCAAT-1,singlet
TTTCCTCGTCTTTCAT-1,singlet
GCACTAACAGTTAGAA-1,singlet
CATAAGCAGCCTGTCG-1,singlet
ATCAGGTGTTGGATCT-1,singlet
AACGGGAGTGCAGTGA-1,singlet
GTAGCTAAGGAAGTCC-1,singlet
TCACTATGTTAGAGAT-1,singlet
CCCTCTCCAAGCGCAA-1,singlet
GTGGTTACATCTGGGC-1,singlet
GTAGGAGCAGGGAATC-1,singlet
ACGTAGTAGCGACTGA-1,singlet
CGAGGAATCACACCCT-1,singlet
CGTCAAACATGACCCG-1,singlet
TACCCGTCAAGATTGA-1,singlet
AGTCATGGTATCGTTG-1,singlet
GTAAGTCAGTCAACAA-1,singlet
ACGATCACACCAAAGG-1,singlet
ACCTACCCACATTCGA-1,singlet
TTTGATCGTTTACTTC-1,singlet
TCAGTGATCCCACAGG-1,singlet
ATTTCACCAAATGAGT-1,singlet
AGAAGCGTCATGAGGG-1,singlet
AGGATCTCATTACGGT-1,singlet
ATGGAGGTCATAGCAC-1,singlet
AGGCCACGTTAAGGAT-1,singlet
CACTAAGCACCTGCTT-1,singlet
ACTTCCGGTGGGCTTC-1,singlet
TGATCTTAGCAGAAAG-1,singlet
GAGTGTTTCTCACCCA-1,singlet
GGTAATCGTCTGTGAT-1,singlet
TTCACCGAGCAACCAG-1,singlet
GTGGCGTCAGCAGGAT-1,singlet
CATCCCACAAGCCATT-1,singlet
GCCGATGGTAGCGTAG-1,singlet
TGACGCGTCCTACAAG-1,singlet
CAGTTCCTCACCTACC-1,singlet
CTCATGCCATGGTGGA-1,singlet
TCTCACGTCAGCCTTC-1,singlet
TGCTGAAGTTCCGCGA-1,singlet
CTCGAGGTCCAACCGG-1,singlet
CATTCTAGTACACTCA-1,singlet
GGTTGTAGTGGGAGAG-1,singlet
TTGGGATGTTGCATTG-1,singlet
TCATGTTAGACGATAT-1,singlet
CAGATCAAGCGCACAA-1,singlet
TTCCACGCACCGGCTA-1,singlet
CATCCGTCATGAATAG-1,singlet
CAATCGACACACAGCC-1,singlet
AGGTTGTGTCACTGAT-1,singlet
CTATCCGCAATGTTGC-1,singlet
GTTACAGGTGCATACT-1,singlet
ATTCACTAGCGACTAG-1,singlet
AGGGTGATCAAGCCCG-1,singlet
AAACCCACACCGGAAA-1,singlet
GGCGTCACAATGGCAG-1,singlet
AGGTCTATCAAGTAAG-1,singlet
TTTCGATGTACGGTTT-1,singlet
GCCATTCCAGGTCCCA-1,singlet
CTCATCGGTTAGGGTG-1,singlet
CCGGTGAGTATGAGGC-1,singlet
ACTGTGAGTTGACTAC-1,singlet
AATCGACTCACTGATG-1,singlet
TGAGGGATCTCCGATC-1,singlet
TTCTTGAAGCTAGTTC-1,singlet
ACTGCAAAGCTGTACT-1,singlet
GGGTCTGAGGTAGACC-1,singlet
TCGGGTGGTGTCCCTT-1,singlet
CGGAACCAGGACGCAT-1,singlet
CTGCGAGCAGCGGATA-1,singlet
GTGCTGGTCGCATAGT-1,singlet
CAATACGCAAGCACCC-1,singlet
CTCATCGGTACGTTCA-1,singlet
TCGGATAAGTAGGTTA-1,singlet
TTCCTAACACATTGTG-1,singlet
CTCAGAAAGGGTTTCT-1,singlet
ATTCCTACAATTAGGA-1,singlet
TGAATCGAGGATCACG-1,singlet
TGCGGCAAGTGAACAT-1,singlet
TCTCAGCCATCCGGCA-1,singlet
TCAATTCAGGACTTCT-1,singlet
AGCGCCACATCGTTCC-1,singlet
GACTCAATCGTGGCTG-1,singlet
GTGTAACTCGGCCAAC-1,singlet
TCTGGCTAGTCAGCCC-1,singlet
CGTTGGGTCCACCCTA-1,singlet
TCTCACGAGCTGAGTG-1,singlet
AAGTTCGCAGCGGTCT-1,singlet
ACTGCAAGTCAACACT-1,singlet
CGGGTGTAGTATAACG-1,singlet
CGAGGCTCACTTGGGC-1,singlet
TCGGATATCTAGACCA-1,singlet
GAGGCCTTCTGTAACG-1,singlet
GCTTCACAGACATACA-1,singlet
GCACATATCCCAAGCG-1,singlet
GGATCTAGTTTCTATC-1,singlet
GCCAACGCAGGAACCA-1,singlet
CCCAACTAGAAATCCA-1,singlet
TGAGGAGCAAATGCGG-1,singlet
GTTTACTCACTGGATT-1,singlet
TGCAGTAGTAACACCT-1,singlet
GACCCTTCATGGAGAC-1,singlet
AGACCATTCCGCGATG-1,singlet
GAGGGTAAGCTCTGTA-1,singlet
TCTTCCTCAAGCTACT-1,singlet
TTTCCTCCAACCGTAT-1,singlet
GAATCACTCGAGAACG-1,singlet
TTTCATGTCTATGCCC-1,singlet
GGTGGCTCAGTATGAA-1,singlet
AGCCACGTCACACCCT-1,singlet
ACGTAACTCCCAGGCA-1,singlet
CCTCAGTGTCAGGAGT-1,singlet
GTTAGTGGTCGAGCAA-1,singlet
GTCATTTTCCCGAAAT-1,singlet
TTCACCGTCCTTGGAA-1,singlet
TTACTGTGTTCCAGGC-1,singlet
TGAGCGCGTTATGTCG-1,singlet
TACTTCACAGTCGCAC-1,singlet
GTCTCACTCGCTTAAG-1,singlet
AAGACAATCGCTGATA-1,singlet
CTATCCGGTGCATTTG-1,singlet
CGAGGCTTCGCTAAAC-1,singlet
GGGACAAAGTCATTGC-1,singlet
CAATTTCTCCCGTTCA-1,singlet
TCATGGATCTCTCAAT-1,singlet
CCCTGATTCAGAGTTC-1,singlet
AGTACCAGTTTACACG-1,singlet
GACATCACAGGACTAG-1,singlet
GTTGTCCCAGGCGAAT-1,singlet
GGCGTCAAGATAACAC-1,singlet
AGTACCAGTCTCGACG-1,singlet
ATCACGAGTTCCAAAC-1,singlet
ATCGCCTTCCTCACTG-1,singlet
AACCTGAAGAAACCAT-1,singlet
TACAACGCATCCGATA-1,singlet
GTCAAGTTCTCGAGTA-1,singlet
CACTGAAGTCTCGACG-1,singlet
TTAGTCTTCTTTACAC-1,singlet
GGGAGTATCGGAGTAG-1,singlet
AGCGCTGAGCAACCAG-1,singlet
TCATCATCATGTTTGG-1,singlet
TTGGGTACAAGACGAC-1,singlet
GTGCAGCCATGACGGA-1,singlet
CTTCCGAGTGGTAACG-1,singlet
ATTCATCTCAATCGGT-1,singlet
AGCGCTGGTGATATAG-1,singlet
TGCGACGTCTGCCTCA-1,singlet
CTCAGAAGTTACTCAG-1,singlet
GCCATTCGTTCCACGG-1,singlet
CGTTGGGGTGAGCCAA-1,singlet
CCCTCAATCTAGAACC-1,singlet
TTTGACTTCCGAGTGC-1,singlet
TTGAACGGTACGTGTT-1,singlet
AACTTCTGTCTGATAC-1,singlet
TTCCTAATCGCAATTG-1,singlet
CAGCGTGAGACCAGCA-1,singlet
GTCGAATTCGCCAGAC-1,singlet
CTGTACCGTAGACACG-1,singlet
CTCCTTTTCGCTAATG-1,singlet
TGTAGACCAAGCTGTT-1,singlet
TCCGAAATCGAGGCAA-1,singlet
AGGGTGAAGCTCCGAC-1,singlet
ATTTCTGAGTTGAAAC-1,singlet
CATGAGTTCTGTGCTC-1,singlet
GATGTTGGTCCACATA-1,singlet
GCCTGTTCATGCGTGC-1,singlet
GGGACTCAGACAACTA-1,singlet
GGCACGTGTGCCCACA-1,singlet
GGAATGGCAGGACTAG-1,singlet
GTCATTTGTAAGGCTG-1,singlet
TCGGGCATCTGCTTTA-1,singlet
AACGAAAAGACCATTC-1,singlet
GTGTGATGTTGTTGCA-1,singlet
AAGACTCCACGTATAC-1,singlet
AAGAACATCGTCAGAT-1,singlet
TCACATTGTGTCGCTG-1,singlet
TGTAGACCAGGGAGAG-1,singlet
CAACCTCCAGAGTAAT-1,singlet
GATGAGGGTGCTCCGA-1,singlet
ACAAAGAGTTAGGAGC-1,singlet
CAAAGAAAGCGCTTCG-1,singlet
CTTCCGAAGAGCTTTC-1,singlet
ACCTGTCAGCCAAGGT-1,singlet
AGATAGAAGGAATGTT-1,singlet
ACCCAAATCCATAAGC-1,singlet
CGGCAGTCAGCAGTGA-1,singlet
TGTCCCAAGGAAGTCC-1,singlet
TCGTGGGAGTAGATCA-1,singlet
CCTGTTGTCGAGTCCG-1,singlet
GTGTGATCAGTCAACT-1,singlet
GCGGAAACACGGGCTT-1,singlet
TGTTACTAGCACTCGC-1,singlet
TCCTCTTTCAACTACG-1,singlet
TACGCTCGTTATAGCC-1,singlet
TCTCCGATCGAGGCAA-1,singlet
CCTCTCCCAGGAATCG-1,singlet
GTGAGCCAGAATTCAG-1,singlet
GGAAGTGCACACTGGC-1,singlet
GCCAGTGAGTGTAGAT-1,singlet
GCATCGGTCAAGTCGT-1,singlet
GGAATCTCATCATGAC-1,singlet
TGGAGGAAGTTGAATG-1,singlet
CTTTCAATCCGCATAA-1,singlet
TCAGGGCGTGTAGTGG-1,singlet
TCATTCATCGTAACAC-1,singlet
GTAGAGGCAGAGGCAT-1,singlet
TGCTCCAAGAGGTCGT-1,singlet
AGTGTTGCAGCTGTGC-1,singlet
TACCGGGCATCGCCTT-1,singlet
CCACTTGAGGTGGCTA-1,singlet
CCACACTAGAAGTCCG-1,singlet
ATAGAGACAATACGCT-1,singlet
CGGGCATAGAGAGTTT-1,singlet
GTGTTAGCAACGGCCT-1,singlet
TCTACCGGTCCTCCAT-1,singlet
GAATAGAAGTAGTGCG-1,singlet
CCTTGTGGTGGCTGAA-1,singlet
TGGGAGATCCGTGGTG-1,singlet
CGATGCGAGGTCCAGA-1,singlet
TACCTGCTCCCAACTC-1,singlet
GTGATGTGTCACATTG-1,singlet
CGTGTCTTCTGAGGCC-1,singlet
AATGGCTGTCTCAGGC-1,singlet
CATCGGGAGTGAATAC-1,singlet
GATCATGTCGCTACAA-1,singlet
GATGATCAGTTGTAGA-1,singlet
TCATGAGTCGTGGACC-1,singlet
GTTACAGTCGTTTACT-1,singlet
AGTCACAAGATTACCC-1,singlet
AGCGTCGGTTAGGAGC-1,singlet
TAGATCGGTGCGGCTT-1,singlet
AACACACCATGTTCGA-1,singlet
TTGGGCGTCTGGGTCG-1,singlet
TTCCACGTCGTAACAC-1,singlet
GAGCTGCAGTAGGTTA-1,singlet
ACGATGTGTATTAAGG-1,singlet
ACTTCCGAGCTTAAGA-1,singlet
ATTCTTGAGTGAGTTA-1,singlet
ATTCGTTCAAAGGCGT-1,singlet
TCAATTCAGAGGACTC-1,singlet
CTACCTGTCTCTCGCA-1,singlet
TACGCTCTCGAGAAAT-1,singlet
TTCCTAACAGTAGTGG-1,singlet
TCGACGGTCAAGTTGC-1,singlet
GTCGTTCAGTCAGCCC-1,singlet
CAACAGTGTCATGGCC-1,singlet
CACAGGCGTGAGACCA-1,singlet
AAAGGATCATGCGGTC-1,singlet
TCGGTCTAGCCTAACT-1,singlet
TGGGCGTGTAAGTTAG-1,singlet
ATAGAGATCCGGGACT-1,singlet
TGTTCATCACCCGTAG-1,singlet
CATGCCTAGTTGTCGT-1,singlet
GTCCTCAAGTAAGGGA-1,singlet
CTGCATCTCCATTGTT-1,singlet
CGGGTCACAAACGGCA-1,singlet
TGGGAAGAGCTTACGT-1,singlet
TGAGCGCGTCGAGTGA-1,singlet
AGATGAATCGTTCCTG-1,singlet
GTTGCTCGTTACGCCG-1,singlet
TTACAGGTCATTACTC-1,singlet
CCACGAGGTCAAGTTC-1,singlet
TGTAAGCGTGGCAGAT-1,singlet
TCAGCCTAGTCTCGTA-1,singlet
CCAAGCGAGCCTGACC-1,singlet
CCCATTGTCACGATCA-1,singlet
